{
    
    "line1": [
        [0.905864, 2.157451, 0.095791],
        [0.905864, 2.161286, 1.797737],
        [0.905864, 2.163790, 4.547974],
        [0.905864, 2.165152, 8.144520],
        [0.905864, 2.165564, 12.385387],
        [0.905864, 2.165215, 17.068592],
        [0.905864, 2.164295, 21.992157],
        [0.905864, 2.162995, 26.954100],
        [0.905864, 2.161505, 31.752430],
        [0.905864, 2.160016, 36.185173],
        [0.905864, 2.158716, 40.050339],
        [0.905864, 2.157796, 43.145947],
        [0.905864, 2.157448, 45.570023]
    ],

    "line2": [
        [-0.747290, 2.157451, 0.095791],
        [-0.747290, 2.161286, 1.797737],
        [-0.747290, 2.163790, 4.547974],
        [-0.747290, 2.165152, 8.144520],
        [-0.747290, 2.165564, 12.385387],
        [-0.747290, 2.165215, 17.068592],
        [-0.747290, 2.164295, 21.992157],
        [-0.747290, 2.162995, 26.954100],
        [-0.747290, 2.161505, 31.752430],
        [-0.747290, 2.160016, 36.185173],
        [-0.747290, 2.158716, 40.050339],
        [-0.747290, 2.157796, 43.145947],
        [-0.747290, 2.157448, 45.570023]
    ]

}